{"cameraMode":{"drawMode":0,"name":"Shaded","section":"Shading Mode"},"sceneLighting":false,"audioPlay":false,"sceneViewState":{"showFog":true,"showMaterialUpdate":false,"showSkybox":false,"showFlares":true,"showImageEffects":true,"showParticleSystems":true},"in2DMode":false,"pivot":{"x":417.3503112792969,"y":209.21780395507813,"z":899.0306396484375},"rotation":{"x":-0.10944562405347824,"y":0.8755070567131043,"z":-0.40779605507850649,"w":-0.234971284866333},"size":864.6710815429688,"orthographic":false}