{"cameraMode":{"drawMode":0,"name":"Shaded","section":"Shading Mode"},"sceneLighting":true,"audioPlay":false,"sceneViewState":{"showFog":true,"showMaterialUpdate":false,"showSkybox":false,"showFlares":true,"showImageEffects":true,"showParticleSystems":true},"in2DMode":false,"pivot":{"x":456.218505859375,"y":207.46109008789063,"z":839.0462036132813},"rotation":{"x":-0.09912561625242233,"y":-0.8996646404266357,"z":0.3242280185222626,"w":-0.2750524878501892},"size":11.319272994995118,"orthographic":false}